{"stats":{"minecraft:killed":{"minecraft:horse":1,"minecraft:pig":1},"minecraft:custom":{"minecraft:time_since_rest":44285,"minecraft:crouch_one_cm":5,"minecraft:play_one_minute":44285,"minecraft:sprint_one_cm":14886,"minecraft:damage_taken":120,"minecraft:walk_one_cm":100112,"minecraft:sneak_time":76,"minecraft:mob_kills":2,"minecraft:jump":129,"minecraft:damage_dealt":380,"minecraft:leave_game":4,"minecraft:time_since_death":44285,"minecraft:fly_one_cm":72813},"minecraft:used":{"minecraft:structure_block":7,"minecraft:sticky_piston":7,"minecraft:bedrock":200,"minecraft:piston":1,"minecraft:lever":6,"minecraft:diamond_sword":1,"minecraft:diamond_block":10,"minecraft:repeater":2,"minecraft:dirt":109,"minecraft:quartz_pillar":28,"minecraft:redstone_ore":6,"minecraft:iron_block":4,"minecraft:grass_block":31,"minecraft:redstone":20,"minecraft:barrier":115,"minecraft:stone_button":3,"minecraft:quartz_block":41,"minecraft:gold_block":9,"minecraft:chiseled_quartz_block":4,"minecraft:structure_void":11,"minecraft:smooth_quartz":1,"minecraft:observer":3},"minecraft:picked_up":{"minecraft:lever":1,"minecraft:redstone":1,"minecraft:egg":1}},"DataVersion":1976}