{"stats":{"minecraft:killed":{"minecraft:pillager":10,"minecraft:zombie":5,"minecraft:vindicator":1,"minecraft:slime":25,"minecraft:ravager":2,"minecraft:villager":4,"minecraft:creeper":1,"minecraft:enderman":1},"minecraft:picked_up":{"minecraft:stick":4,"minecraft:feather":84,"minecraft:chicken":84,"minecraft:brown_wool":4,"minecraft:leather":172,"minecraft:porkchop":224,"minecraft:gunpowder":287,"minecraft:redstone":1,"minecraft:spider_eye":3,"minecraft:string":239,"minecraft:white_banner":4,"minecraft:sugar":4,"minecraft:arrow":255,"minecraft:bone":257,"minecraft:rotten_flesh":281,"minecraft:slime_ball":138,"minecraft:bow":1,"minecraft:beef":217,"minecraft:gray_wool":8,"minecraft:saddle":2,"minecraft:poppy":1,"minecraft:light_gray_wool":4,"minecraft:glass_bottle":2,"minecraft:oak_sapling":1,"minecraft:black_wool":5,"minecraft:mutton":211,"minecraft:white_wool":111,"minecraft:ender_pearl":16,"minecraft:egg":21},"minecraft:dropped":{"minecraft:poppy":1,"minecraft:gray_wool":2,"minecraft:porkchop":64,"minecraft:gunpowder":63,"minecraft:mutton":64,"minecraft:slime_ball":64,"minecraft:rotten_flesh":64,"minecraft:leather":64,"minecraft:spider_eye":3,"minecraft:arrow":64,"minecraft:beef":64,"minecraft:saddle":1,"minecraft:string":64,"minecraft:bone":124,"minecraft:egg":21},"minecraft:custom":{"minecraft:time_since_rest":34873,"minecraft:sprint_one_cm":9249,"minecraft:walk_one_cm":35602,"minecraft:mob_kills":52,"minecraft:drop":30,"minecraft:damage_dealt":640,"minecraft:talked_to_villager":42,"minecraft:interact_with_crafting_table":1,"minecraft:interact_with_cartography_table":1,"minecraft:fly_one_cm":357271,"minecraft:raid_win":1,"minecraft:open_chest":2,"minecraft:play_one_minute":34984,"minecraft:crouch_one_cm":144,"minecraft:interact_with_loom":2,"minecraft:bell_ring":172,"minecraft:raid_trigger":2,"minecraft:sneak_time":116,"minecraft:aviate_one_cm":17526,"minecraft:jump":65,"minecraft:interact_with_stonecutter":2,"minecraft:time_since_death":34984,"minecraft:leave_game":4},"minecraft:used":{"minecraft:trident":158,"minecraft:villager_spawn_egg":235,"minecraft:cartography_table":1,"minecraft:anvil":1,"minecraft:crafting_table":1,"minecraft:loom":2,"minecraft:white_banner":14,"minecraft:smithing_table":2,"minecraft:crossbow":85,"minecraft:campfire":2}},"DataVersion":1963}