{"stats":{"minecraft:custom":{"minecraft:time_since_rest":3815,"minecraft:sprint_one_cm":15699,"minecraft:walk_one_cm":50462,"minecraft:mob_kills":54,"minecraft:drop":31,"minecraft:damage_dealt":640,"minecraft:interact_with_cartography_table":1,"minecraft:interact_with_crafting_table":1,"minecraft:talked_to_villager":60,"minecraft:fly_one_cm":484940,"minecraft:raid_win":1,"minecraft:open_chest":3,"minecraft:bell_ring":172,"minecraft:interact_with_loom":2,"minecraft:play_one_minute":54937,"minecraft:crouch_one_cm":144,"minecraft:raid_trigger":3,"minecraft:sneak_time":125,"minecraft:interact_with_blast_furnace":3,"minecraft:aviate_one_cm":28163,"minecraft:jump":92,"minecraft:interact_with_stonecutter":2,"minecraft:leave_game":5,"minecraft:time_since_death":54937,"minecraft:sleep_in_bed":2},"minecraft:picked_up":{"minecraft:stick":4,"minecraft:feather":84,"minecraft:chicken":84,"minecraft:brown_wool":4,"minecraft:leather":172,"minecraft:porkchop":224,"minecraft:cookie":1,"minecraft:gunpowder":287,"minecraft:redstone":1,"minecraft:spider_eye":3,"minecraft:string":239,"minecraft:white_banner":4,"minecraft:sugar":4,"minecraft:bone":257,"minecraft:arrow":255,"minecraft:rotten_flesh":281,"minecraft:slime_ball":138,"minecraft:bow":1,"minecraft:beef":217,"minecraft:gray_wool":8,"minecraft:saddle":2,"minecraft:poppy":1,"minecraft:light_gray_wool":4,"minecraft:glass_bottle":2,"minecraft:oak_sapling":1,"minecraft:black_wool":5,"minecraft:mutton":211,"minecraft:egg":21,"minecraft:white_wool":111,"minecraft:ender_pearl":16},"minecraft:dropped":{"minecraft:poppy":1,"minecraft:gray_wool":2,"minecraft:porkchop":64,"minecraft:gunpowder":63,"minecraft:mutton":64,"minecraft:cookie":1,"minecraft:rotten_flesh":64,"minecraft:spider_eye":3,"minecraft:slime_ball":64,"minecraft:leather":64,"minecraft:arrow":64,"minecraft:beef":64,"minecraft:saddle":1,"minecraft:string":64,"minecraft:bone":124,"minecraft:egg":21},"minecraft:killed":{"minecraft:pillager":10,"minecraft:zombie":5,"minecraft:chicken":2,"minecraft:vindicator":1,"minecraft:ravager":2,"minecraft:slime":25,"minecraft:villager":4,"minecraft:creeper":1,"minecraft:enderman":1},"minecraft:used":{"minecraft:wandering_trader_spawn_egg":5,"minecraft:trident":180,"minecraft:villager_spawn_egg":235,"minecraft:cartography_table":1,"minecraft:cat_spawn_egg":10,"minecraft:anvil":1,"minecraft:crafting_table":1,"minecraft:loom":2,"minecraft:white_banner":14,"minecraft:smithing_table":2,"minecraft:crossbow":87,"minecraft:campfire":2}},"DataVersion":1976}